Workbook

Sheet Summary
A1: openPCIE Root Complex — Tier 1 Verification Tracker
A3: Document | B3: TP-OPENPCIE-T1 (tracking workbook)
A4: Version | B4: 1.0
A5: Date | B5: 2026-10-20
A6: DUT | B6: riscv_pcie_soc (openPCIE 6e48e11, rtl/openPCIE)
A7: Plans | B7: docs/verification_plan.md, docs/testplan.md
A8: Simulator | B8: Vivado 2026.1 xsim
A10: Metric | B10: Value
A11: Requirements | B11: =COUNTA(Features!$A$2:$A$30)
A12: P1 requirements | B12: =COUNTIF(Features!$C$2:$C$30,"P1")
A13: Verified | B13: =COUNTIF(Features!$H$2:$H$30,"Verified")
A14: Fail (expected, traced to a finding) | B14: =COUNTIF(Features!$H$2:$H$30,"Fail (expected)")
A15: Partial / Open / Not run | B15: =COUNTIF(Features!$H$2:$H$30,"Partial")+COUNTIF(Features!$H$2:$H$30,"Open")+COUNTIF(Features!$H$2:$H$30,"Not run")
A16: Requirements covered by a test | B16: =COUNTIF(Traceability!$P$2:$P$30,"Yes")
A17: Test cases | B17: =COUNTA('Test Cases'!$A$2:$A$12)
A18: Passing with fixes | B18: =COUNTIF('Test Cases'!$L$2:$L$12,"Pass")
A19: Passing on RTL as written | B19: =COUNTIF('Test Cases'!$K$2:$K$12,"Pass")
A20: Regression runs | B20: =Regression!C15
A21: Pass rate, RTL as written | B21: =Regression!D16
A22: Pass rate, with fixes | B22: =Regression!F16
A23: Functional coverage (weighted) | B23: =Coverage!F10
A24: Assertion cover points hit (not collected on xsim) | B24: =COUNTIF(Coverage!$D$15:$D$28,"Met")&" / 14"
A25: Open findings | B25: =COUNTIF(Findings!$H$2:$H$10,"Open")
A27: How to use this workbook
A28: Cells with a light-yellow fill are inputs: statuses, results, coverage hits, owners and comments. Everything else is reference data or a formula. | F28: Input cell
A29: Status columns use drop-down lists; the Summary sheet recalculates from them.
A30: Example: after a nightly run, enter the pass counts in Regression!D and F and the assertion cover hits in Coverage!C; the Summary updates.
A31: Requirement IDs match docs/verification_plan.md §6, and test IDs match docs/testplan.md §4.

Sheet Features
A1: Req ID | B1: Requirement | C1: Priority | D1: RTL / spec reference | E1: Check mechanism | F1: Coverage item | G1: Test case(s) | H1: Status | I1: Notes
A2: SMOKE-001 | B2: Firmware boots, mailbox handshake completes, one TLP traverses TX | C2: P1 | D2: — | E2: Boot magic; scoreboard | F2: — | G2: TC-01 | H2: Verified
A3: TX-FMT-001 | B3: 3-DW header + 1 payload DW → 2 beats, final tkeep=0xFF | C3: P1 | D3: riscv_pcie_soc.sv:195-211 | E3: Predictor/scoreboard; SOC-003 | F3: x_fmt_keep.ok_data_full | G3: TC-01, TC-02, TC-03 | H3: Verified
A4: TX-FMT-002 | B4: 3-DW header, no payload (Fmt[1]=0) → final tkeep=0x0F | C4: P1 | D4: :204 | E4: Predictor/scoreboard; SOC-003 | F4: x_fmt_keep.ok_nodata_partial | G4: TC-02, TC-03 | H4: Verified
A5: TX-FMT-003 | B5: First beat always tkeep=0xFF, tlast=0 | C5: P1 | D5: :197-199 | E5: SOC-004, SOC-002 | F5: cg_packet_t1 | G5: All TX tests | H5: Verified
A6: TX-DATA-001 | B6: Beat 0 = {HDR1,HDR0}, beat 1 = {DATA,HDR2}; no bit stuck, swapped or dropped | C6: P1 | D6: :196,203 | E6: Scoreboard | F6: — | G6: TC-02 | H6: Verified
A7: TX-RAND-001 | B7: All Tier 1 TLP kinds (MEM, IO, CFG0, CFG1, CPL) and Lengths 1–1024 framed correctly | C7: P1 | D7: :195-211 | E7: Scoreboard | F7: cg_tlp.cp_type, cp_len, x_type_fmt | G7: TC-03 | H7: Verified
A8: TX-TRIG-001 | B8: Only a write to TX_DATA starts a transmit; header writes are inert | C8: P1 | D8: :180-185 | E8: Predictor; build_fw.py model | F8: — | G8: TC-08 | H8: Verified
A9: TX-TRIG-002 | B9: Header registers are sticky across transmits | C9: P2 | D9: :177-179 | E9: Scoreboard | F9: — | G9: TC-08 | H9: Verified
A10: TX-PROTO-001 | B10: tvalid held until tready | C10: P1 | D10: AXI4-Stream §2.2.1 | E10: AXIS-001 | F10: c_stall* | G10: All TX tests | H10: Verified
A11: TX-PROTO-002 | B11: Payload stable while stalled | C11: P1 | D11: AXI4-Stream §2.2.1 | E11: AXIS-002, monitor | F11: c_stall_on_first/last | G11: TC-04, TC-05, TC-06, TC-11 | H11: Verified
A12: TX-PROTO-003 | B12: tkeep contiguous; partial only on tlast | C12: P1 | D12: AXI4-Stream Table 2-2 | E12: AXIS-004/005 | F12: cg_packet_t1 | G12: All TX tests | H12: Verified
A13: TX-PROTO-004 | B13: Transmit survives backpressure without losing a beat | C13: P1 | D13: :200,208 | E13: AXIS-002 + scoreboard | F13: c_tx_stall_in_c1/c2 | G13: TC-04, TC-05, TC-06, TC-11 | H13: Fail (expected) | I13: Fails on RTL as written; passes with fix 0002 (finding TX-PROTO-004)
A14: TX-FLOW-001 | B14: Behaviour with tx_buf_av = 0 documented (DUT does not gate on credits) | C14: P3 | D14: :153 | E14: Directed readback | F14: c_tx_while_no_credit, cp_tx_buf_av.empty | G14: TC-09 | H14: Verified
A15: TX-FLOW-002 | B15: Software must poll tx_state==IDLE before each send (no HW interlock) | C15: P3 | D15: :180-185 | E15: Documented contract | F15: — | G15: — | H15: Verified | I15: Documented software contract; no test
A16: RX-CAP-001 | B16: Completion status captured from tdata[47:45] | C16: P1 | D16: :217-219 | E16: Readback vs predictor | F16: cg_reg_access | G16: TC-07 | H16: Verified
A17: RX-CAP-002 | B17: Phase 1 captures DW2 → RX_HDR_INFO, DW3 → RX_DATA | C17: P1 | D17: :223-224 | E17: Readback vs predictor | F17: cg_reg_access | G17: TC-07 | H17: Verified
A18: RX-CAP-003 | B18: A non-completion inbound TLP leaves capture registers unchanged | C18: P2 | D18: :217 | E18: Predictor mirrors RTL | F18: — | G18: TC-07 | H18: Verified
A19: RX-CAP-004 | B19: m_axis_rx_tready is tied high | C19: P2 | D19: :233 | E19: SOC-006 | F19: — | G19: All | H19: Verified
A20: REG-001 | B20: All five readable registers decode correctly | C20: P1 | D20: :243-249 | E20: RAL + scoreboard | F20: x_offset_dir | G20: TC-08 | H20: Verified
A21: REG-002 | B21: TX registers are write-only; reads return 0 | C21: P1 | D21: :248 | E21: Directed check | F21: x_offset_dir | G21: TC-08 | H21: Verified
A22: REG-003 | B22: Read decode aliases every 64 bytes | C22: P3 | D22: :239-249 | E22: Directed alias check | F22: cp_offset.aliased | G22: TC-08 | H22: Verified
A23: REG-004 | B23: A write to a read-only register has no side effect | C23: P2 | D23: :175 | E23: Scoreboard packet compare | F23: x_offset_dir | G23: TC-08 | H23: Fail (expected) | I23: Alias confirmed on RTL as written; fixed by patch 0003
A24: CFG-001 | B24: ERR_STATUS = {err_fatal, cfg_status} | C24: P1 | D24: :152 | E24: Readback vs predictor | F24: cg_sideband | G24: TC-09 | H24: Verified
A25: CFG-002 | B25: PHY_STATUS[5:0] tracks tx_buf_av | C25: P1 | D25: :153 | E25: Readback (masked) | F25: cp_tx_buf_av | G25: TC-09 | H25: Verified
A26: CFG-003 | B26: cfg_command has no effect (port unused) | C26: P3 | D26: :60 | E26: SOC-010 | F26: — | G26: TC-09 | H26: Verified
A27: RST-001 | B27: Reset clears the RX capture registers and the TX FSM | C27: P1 | D27: :157-167 | E27: Directed readback | F27: — | G27: TC-10 | H27: Verified
A28: RST-002 | B28: CPU re-boots and the datapath works after reset | C28: P1 | D28: — | E28: Re-boot handshake + traffic | F28: — | G28: TC-10 | H28: Verified
A29: CPU-001 | B29: PicoRV32 bus handshake is honoured by the bridge | C29: P2 | D29: :172-173,256 | E29: SOC-008/009/011 | F29: — | G29: All | H29: Verified
A30: MIX-001 | B30: Sustained mixed traffic under random backpressure | C30: P1 | D30: — | E30: Full environment | F30: All groups | G30: TC-11 | H30: Verified

Sheet Test Cases
A1: TC ID | B1: UVM test | C1: Virtual sequence | D1: Type | E1: Priority | F1: Sink profile / config | G1: Timeout | H1: Requirements | I1: Stimulus | J1: Checks / expected result | K1: Result: RTL as written | L1: Result: with fixes | M1: Owner | N1: Comments
A2: TC-01 | B2: openpcie_smoke_test | C2: openpcie_smoke_vseq | D2: D | E2: P1 | F2: READY_ALWAYS | G2: 2 ms | H2: SMOKE-001, TX-FMT-001 | I2: Boot; one MemWr32 @0x1000_0000 (0xCAFE_BABE); sync; read PHY_STATUS, ERR_STATUS | J2: 2-beat packet matched (final tkeep 0xFF); readbacks match predictor; SVA clean | K2: Pass | L2: Pass
A3: TC-02 | B3: openpcie_tx_directed_test | C3: openpcie_tx_directed_vseq | D3: D | E3: P1 | F3: READY_ALWAYS | G3: 10 ms | H3: TX-FMT-001/002/003, TX-DATA-001 | I3: 3 MemWr32 (zero, all-ones, mixed); 2 MemRd32; 1 CplD; 32 MemWr32 walking-ones payload | J3: 38 packets matched; tkeep 0xFF with payload, 0x0F without; SOC-003/004 | K3: Pass | L3: Pass
A4: TC-03 | B4: openpcie_tx_random_test | C4: openpcie_tx_random_vseq | D4: CR | E4: P1 | F4: READY_ALWAYS | G4: 20 ms | H4: TX-RAND-001, TX-FMT-001/002/003 | I4: 20–400 random TLPs: Fmt with/without data; MEM/IO/CFG0/CFG1/CPL; MEM reads Length 1–1024 | J4: Scoreboard packet compare; SVA | K4: Pass | L4: Pass
A5: TC-04 | B5: openpcie_tx_backpressure_test | C5: openpcie_tx_backpressure_vseq | D5: D/CR | E5: P1 | F5: READY_RANDOM, 40 % | G5: 20 ms | H5: TX-PROTO-001/002/004 | I5: 30–200 TLPs alternating MemWr32 / MemRd32 under random stalls | J5: AXIS-001/002, monitor stability, scoreboard; responder confirms stalls | K5: Fail (expected) | L5: Pass
A6: TC-05 | B6: openpcie_tx_slow_sink_test | C6: openpcie_tx_backpressure_vseq | D6: D | E6: P1 | F6: READY_SLOW, period 4 | G6: 20 ms | H6: TX-PROTO-001/002/004 | I6: As TC-04, one beat accepted every 4 cycles | J6: As TC-04 | K6: Fail (expected) | L6: Pass
A7: TC-06 | B7: openpcie_tx_burst_sink_test | C7: openpcie_tx_backpressure_vseq | D7: D | E7: P1 | F7: READY_BURST, 1 accept / 3 stall | G7: 20 ms | H7: TX-PROTO-001/002/004 | I7: As TC-04, alternating accept/stall runs | J7: As TC-04 | K7: Fail (expected) | L7: Pass
A8: TC-07 | B8: openpcie_rx_cpl_test | C8: openpcie_rx_cpl_vseq | D8: D/CR | E8: P1 | F8: READY_ALWAYS; no TX required | G8: 20 ms | H8: RX-CAP-001/002/003 | I8: 10–100 CplD cycling SC/UR/CRS/CA + readback of RX_STATUS/RX_DATA/RX_HDR_INFO; 4 Cpl without data; 1 inbound MemWr32 | J8: Readbacks equal predictor shadow; RX_DATA unchanged after non-Cpl TLP | K8: Pass | L8: Pass
A9: TC-08 | B9: openpcie_reg_access_test | C9: openpcie_reg_access_vseq | D9: D | E9: P1 | F9: READY_ALWAYS; RAL built | G9: 10 ms | H9: REG-001..004, TX-TRIG-001/002 | I9: RAL read 5 RO regs; write TX_HDR0..2; read back WO regs; write all RO regs (MRd header to +0x20); RAL read again; write TX_DATA; read +0x14 vs +0x54 | J9: WO reads 0; RO unchanged; packet = MRd (RTL as written) or MWr (fixed), predictor matches both; +0x54 aliases +0x14 | K9: Pass | L9: Pass
A10: TC-09 | B10: openpcie_sideband_test | C10: openpcie_sideband_vseq | D10: D | E10: P1 | F10: READY_ALWAYS | G10: 20 ms | H10: CFG-001/002/003, TX-FLOW-001 | I10: tx_buf_av 32→0 with cfg_status 0/FFFF/0010, TLP + PHY_STATUS read each step; err_fatal with cfg_status A5A5; err_fatal at credits 16..0 | J10: PHY_STATUS[5:0] = tx_buf_av; ERR_STATUS = {err_fatal, cfg_status}; TX continues at 0 credits; SOC-010 | K10: Pass | L10: Pass
A11: TC-10 | B11: openpcie_reset_test | C11: openpcie_reset_vseq | D11: D | E11: P1 | F11: READY_ALWAYS | G11: 20 ms | H11: RST-001/002 | I11: 8 MemWr32; reset pulse 20 cycles; wait re-boot; read RX_DATA, RX_STATUS; 8 MemWr32 | J11: Firmware re-boots; RX regs read 0; post-reset packets match | K11: Pass | L11: Pass
A12: TC-11 | B12: openpcie_random_test | C12: openpcie_random_vseq | D12: CR | E12: P1 | F12: READY_RANDOM, 65 % | G12: 60 ms | H12: MIX-001, TX-PROTO-004, all groups | I12: 50–500 iterations: MemWr32 40 %, MemRd32 20 %, CplD out 10 %, CplD in 10 %, reg read 10 %, sideband change 10 % | J12: Full environment: scoreboard, predictor, monitor, all SVA | K12: Fail (expected) | L12: Pass

Sheet Traceability
A1: Req ID | B1: Priority | C1: TC-01 | D1: TC-02 | E1: TC-03 | F1: TC-04 | G1: TC-05 | H1: TC-06 | I1: TC-07 | J1: TC-08 | K1: TC-09 | L1: TC-10 | M1: TC-11 | N1: Primary tests | O1: Total tests | P1: Covered?
A2: SMOKE-001 | B2: P1 | C2: ● | N2: =COUNTIF(C2:M2,"●") | O2: =COUNTIF(C2:M2,"●")+COUNTIF(C2:M2,"○") | P2: =IF(A2="TX-FLOW-002","Doc only",IF(O2>0,"Yes","NO"))
A3: TX-FMT-001 | B3: P1 | C3: ● | D3: ● | E3: ● | F3: ○ | G3: ○ | H3: ○ | J3: ○ | K3: ○ | L3: ○ | M3: ○ | N3: =COUNTIF(C3:M3,"●") | O3: =COUNTIF(C3:M3,"●")+COUNTIF(C3:M3,"○") | P3: =IF(A3="TX-FLOW-002","Doc only",IF(O3>0,"Yes","NO"))
A4: TX-FMT-002 | B4: P1 | D4: ● | E4: ● | F4: ○ | G4: ○ | H4: ○ | J4: ○ | M4: ○ | N4: =COUNTIF(C4:M4,"●") | O4: =COUNTIF(C4:M4,"●")+COUNTIF(C4:M4,"○") | P4: =IF(A4="TX-FLOW-002","Doc only",IF(O4>0,"Yes","NO"))
A5: TX-FMT-003 | B5: P1 | C5: ○ | D5: ● | E5: ● | F5: ○ | G5: ○ | H5: ○ | J5: ○ | K5: ○ | L5: ○ | M5: ○ | N5: =COUNTIF(C5:M5,"●") | O5: =COUNTIF(C5:M5,"●")+COUNTIF(C5:M5,"○") | P5: =IF(A5="TX-FLOW-002","Doc only",IF(O5>0,"Yes","NO"))
A6: TX-DATA-001 | B6: P1 | D6: ● | E6: ○ | M6: ○ | N6: =COUNTIF(C6:M6,"●") | O6: =COUNTIF(C6:M6,"●")+COUNTIF(C6:M6,"○") | P6: =IF(A6="TX-FLOW-002","Doc only",IF(O6>0,"Yes","NO"))
A7: TX-RAND-001 | B7: P1 | E7: ● | M7: ○ | N7: =COUNTIF(C7:M7,"●") | O7: =COUNTIF(C7:M7,"●")+COUNTIF(C7:M7,"○") | P7: =IF(A7="TX-FLOW-002","Doc only",IF(O7>0,"Yes","NO"))
A8: TX-TRIG-001 | B8: P1 | J8: ● | N8: =COUNTIF(C8:M8,"●") | O8: =COUNTIF(C8:M8,"●")+COUNTIF(C8:M8,"○") | P8: =IF(A8="TX-FLOW-002","Doc only",IF(O8>0,"Yes","NO"))
A9: TX-TRIG-002 | B9: P2 | J9: ● | N9: =COUNTIF(C9:M9,"●") | O9: =COUNTIF(C9:M9,"●")+COUNTIF(C9:M9,"○") | P9: =IF(A9="TX-FLOW-002","Doc only",IF(O9>0,"Yes","NO"))
A10: TX-PROTO-001 | B10: P1 | C10: ○ | D10: ○ | E10: ○ | F10: ● | G10: ● | H10: ● | J10: ○ | K10: ○ | L10: ○ | M10: ● | N10: =COUNTIF(C10:M10,"●") | O10: =COUNTIF(C10:M10,"●")+COUNTIF(C10:M10,"○") | P10: =IF(A10="TX-FLOW-002","Doc only",IF(O10>0,"Yes","NO"))
A11: TX-PROTO-002 | B11: P1 | F11: ● | G11: ● | H11: ● | M11: ● | N11: =COUNTIF(C11:M11,"●") | O11: =COUNTIF(C11:M11,"●")+COUNTIF(C11:M11,"○") | P11: =IF(A11="TX-FLOW-002","Doc only",IF(O11>0,"Yes","NO"))
A12: TX-PROTO-003 | B12: P1 | C12: ○ | D12: ○ | E12: ○ | F12: ○ | G12: ○ | H12: ○ | I12: ○ | J12: ○ | K12: ○ | L12: ○ | M12: ○ | N12: =COUNTIF(C12:M12,"●") | O12: =COUNTIF(C12:M12,"●")+COUNTIF(C12:M12,"○") | P12: =IF(A12="TX-FLOW-002","Doc only",IF(O12>0,"Yes","NO"))
A13: TX-PROTO-004 | B13: P1 | F13: ● | G13: ● | H13: ● | M13: ● | N13: =COUNTIF(C13:M13,"●") | O13: =COUNTIF(C13:M13,"●")+COUNTIF(C13:M13,"○") | P13: =IF(A13="TX-FLOW-002","Doc only",IF(O13>0,"Yes","NO"))
A14: TX-FLOW-001 | B14: P3 | K14: ● | N14: =COUNTIF(C14:M14,"●") | O14: =COUNTIF(C14:M14,"●")+COUNTIF(C14:M14,"○") | P14: =IF(A14="TX-FLOW-002","Doc only",IF(O14>0,"Yes","NO"))
A15: TX-FLOW-002 | B15: P3 | N15: =COUNTIF(C15:M15,"●") | O15: =COUNTIF(C15:M15,"●")+COUNTIF(C15:M15,"○") | P15: =IF(A15="TX-FLOW-002","Doc only",IF(O15>0,"Yes","NO"))
A16: RX-CAP-001 | B16: P1 | I16: ● | M16: ○ | N16: =COUNTIF(C16:M16,"●") | O16: =COUNTIF(C16:M16,"●")+COUNTIF(C16:M16,"○") | P16: =IF(A16="TX-FLOW-002","Doc only",IF(O16>0,"Yes","NO"))
A17: RX-CAP-002 | B17: P1 | I17: ● | M17: ○ | N17: =COUNTIF(C17:M17,"●") | O17: =COUNTIF(C17:M17,"●")+COUNTIF(C17:M17,"○") | P17: =IF(A17="TX-FLOW-002","Doc only",IF(O17>0,"Yes","NO"))
A18: RX-CAP-003 | B18: P2 | I18: ● | N18: =COUNTIF(C18:M18,"●") | O18: =COUNTIF(C18:M18,"●")+COUNTIF(C18:M18,"○") | P18: =IF(A18="TX-FLOW-002","Doc only",IF(O18>0,"Yes","NO"))
A19: RX-CAP-004 | B19: P2 | C19: ○ | D19: ○ | E19: ○ | F19: ○ | G19: ○ | H19: ○ | I19: ○ | J19: ○ | K19: ○ | L19: ○ | M19: ○ | N19: =COUNTIF(C19:M19,"●") | O19: =COUNTIF(C19:M19,"●")+COUNTIF(C19:M19,"○") | P19: =IF(A19="TX-FLOW-002","Doc only",IF(O19>0,"Yes","NO"))
A20: REG-001 | B20: P1 | C20: ○ | H20: ○ | I20: ○ | J20: ● | K20: ○ | L20: ○ | M20: ○ | N20: =COUNTIF(C20:M20,"●") | O20: =COUNTIF(C20:M20,"●")+COUNTIF(C20:M20,"○") | P20: =IF(A20="TX-FLOW-002","Doc only",IF(O20>0,"Yes","NO"))
A21: REG-002 | B21: P1 | J21: ● | N21: =COUNTIF(C21:M21,"●") | O21: =COUNTIF(C21:M21,"●")+COUNTIF(C21:M21,"○") | P21: =IF(A21="TX-FLOW-002","Doc only",IF(O21>0,"Yes","NO"))
A22: REG-003 | B22: P3 | J22: ● | N22: =COUNTIF(C22:M22,"●") | O22: =COUNTIF(C22:M22,"●")+COUNTIF(C22:M22,"○") | P22: =IF(A22="TX-FLOW-002","Doc only",IF(O22>0,"Yes","NO"))
A23: REG-004 | B23: P2 | J23: ● | N23: =COUNTIF(C23:M23,"●") | O23: =COUNTIF(C23:M23,"●")+COUNTIF(C23:M23,"○") | P23: =IF(A23="TX-FLOW-002","Doc only",IF(O23>0,"Yes","NO"))
A24: CFG-001 | B24: P1 | C24: ○ | J24: ○ | K24: ● | M24: ○ | N24: =COUNTIF(C24:M24,"●") | O24: =COUNTIF(C24:M24,"●")+COUNTIF(C24:M24,"○") | P24: =IF(A24="TX-FLOW-002","Doc only",IF(O24>0,"Yes","NO"))
A25: CFG-002 | B25: P1 | C25: ○ | J25: ○ | K25: ● | N25: =COUNTIF(C25:M25,"●") | O25: =COUNTIF(C25:M25,"●")+COUNTIF(C25:M25,"○") | P25: =IF(A25="TX-FLOW-002","Doc only",IF(O25>0,"Yes","NO"))
A26: CFG-003 | B26: P3 | K26: ● | M26: ○ | N26: =COUNTIF(C26:M26,"●") | O26: =COUNTIF(C26:M26,"●")+COUNTIF(C26:M26,"○") | P26: =IF(A26="TX-FLOW-002","Doc only",IF(O26>0,"Yes","NO"))
A27: RST-001 | B27: P1 | L27: ● | N27: =COUNTIF(C27:M27,"●") | O27: =COUNTIF(C27:M27,"●")+COUNTIF(C27:M27,"○") | P27: =IF(A27="TX-FLOW-002","Doc only",IF(O27>0,"Yes","NO"))
A28: RST-002 | B28: P1 | L28: ● | N28: =COUNTIF(C28:M28,"●") | O28: =COUNTIF(C28:M28,"●")+COUNTIF(C28:M28,"○") | P28: =IF(A28="TX-FLOW-002","Doc only",IF(O28>0,"Yes","NO"))
A29: CPU-001 | B29: P2 | C29: ○ | D29: ○ | E29: ○ | F29: ○ | G29: ○ | H29: ○ | I29: ○ | J29: ○ | K29: ○ | L29: ○ | M29: ○ | N29: =COUNTIF(C29:M29,"●") | O29: =COUNTIF(C29:M29,"●")+COUNTIF(C29:M29,"○") | P29: =IF(A29="TX-FLOW-002","Doc only",IF(O29>0,"Yes","NO"))
A30: MIX-001 | B30: P1 | M30: ● | N30: =COUNTIF(C30:M30,"●") | O30: =COUNTIF(C30:M30,"●")+COUNTIF(C30:M30,"○") | P30: =IF(A30="TX-FLOW-002","Doc only",IF(O30>0,"Yes","NO"))
A32: ● primary target of the test ○ also exercised and checked
A33: Requirements per test (primary): | C33: =COUNTIF(C2:C30,"●") | D33: =COUNTIF(D2:D30,"●") | E33: =COUNTIF(E2:E30,"●") | F33: =COUNTIF(F2:F30,"●") | G33: =COUNTIF(G2:G30,"●") | H33: =COUNTIF(H2:H30,"●") | I33: =COUNTIF(I2:I30,"●") | J33: =COUNTIF(J2:J30,"●") | ... M33: =COUNTIF(M2:M30,"●")
A34: Requirements per test (any): | C34: =COUNTIF(C2:C30,"●")+COUNTIF(C2:C30,"○") | D34: =COUNTIF(D2:D30,"●")+COUNTIF(D2:D30,"○") | E34: =COUNTIF(E2:E30,"●")+COUNTIF(E2:E30,"○") | F34: =COUNTIF(F2:F30,"●")+COUNTIF(F2:F30,"○") | G34: =COUNTIF(G2:G30,"●")+COUNTIF(G2:G30,"○") | H34: =COUNTIF(H2:H30,"●")+COUNTIF(H2:H30,"○") | I34: =COUNTIF(I2:I30,"●")+COUNTIF(I2:I30,"○") | J34: =COUNTIF(J2:J30,"●")+COUNTIF(J2:J30,"○") | ... M34: =COUNTIF(M2:M30,"●")+COUNTIF(M2:M30,"○")

Sheet Coverage
A1: Functional coverage — Vivado 2026.1 xsim, merged over 55 runs on fixed RTL
A3: Covergroup | B3: Coverpoints / crosses | C3: Weight | D3: Goal | E3: 2026-09-26 | F3: Latest | G3: Status | H3: Source
A4: cg_reg_access | B4: offset (9 named + aliased), direction, offset × direction | C4: 1 | D4: 1 | E4: 0.852 | F4: 1 | G4: =IF(C4=0,"Tracked (weight 0)",IF(F4>=D4,"Met","Open")) | H4: openpcie_soc_coverage.svh
A5: cg_tlp | B5: Type, Fmt, Length, final tkeep, Fmt × tkeep, Type × Fmt | C5: 1 | D5: 1 | E5: 0.615 | F5: 1 | G5: =IF(C5=0,"Tracked (weight 0)",IF(F5>=D5,"Met","Open")) | H5: openpcie_soc_coverage.svh
A6: cg_sideband | B6: tx_buf_av, err_fatal, cfg_status, credit × err_fatal | C6: 1 | D6: 1 | E6: 0.563 | F6: 1 | G6: =IF(C6=0,"Tracked (weight 0)",IF(F6>=D6,"Met","Open")) | H6: openpcie_soc_coverage.svh
A7: cg_packet_t1 (tx, rx) | B7: 2 beats; final tkeep 0x0F/0xFF; 12/16 bytes | C7: 1 | D7: 1 | E7: — | F7: 1 | G7: =IF(C7=0,"Tracked (weight 0)",IF(F7>=D7,"Met","Open")) | H7: openpcie_axis_coverage.svh
A8: cg_packet (tx, rx) | B8: All packet shapes (kept for Tier 2) | C8: 0 | D8: n/a | E8: 0.241 | F8: 0.241 | G8: =IF(C8=0,"Tracked (weight 0)",IF(F8>=D8,"Met","Open")) | H8: openpcie_axis_coverage.svh
A9: cg_tlp_diag | B9: Non-conforming Fmt/tkeep pairs — must stay empty | C9: 0 | D9: n/a | E9: — | F9: 0 | G9: =IF(C9=0,"Tracked (weight 0)",IF(F9>=D9,"Met","Open")) | H9: openpcie_soc_coverage.svh
A10: Weighted score (weight-1 groups) | F10: =SUMPRODUCT(C4:C9,F4:F9)/SUM(C4:C9) | G10: =IF(F10>=0.95,"Met","Open")
A11: Note: cg_tlp_diag at 0 % is the passing outcome. The 2026-09-26 column is the pre-closure baseline (merged score 55.6 %). Sign-off goal: ≥ 95 %.
A13: Assertion cover points (need VCS or Xcelium; xsim ignores cover property)
A14: Cover point | B14: Source | C14: Hits | D14: Status
A15: c_stall | B15: openpcie_axis_sva.sv | D15: =IF(C15="","Not run",IF(C15>0,"Met","Open"))
A16: c_stall_2cyc | B16: openpcie_axis_sva.sv | D16: =IF(C16="","Not run",IF(C16>0,"Met","Open"))
A17: c_stall_5cyc | B17: openpcie_axis_sva.sv | D17: =IF(C17="","Not run",IF(C17>0,"Met","Open"))
A18: c_stall_on_first | B18: openpcie_axis_sva.sv | D18: =IF(C18="","Not run",IF(C18>0,"Met","Open"))
A19: c_stall_on_last | B19: openpcie_axis_sva.sv | D19: =IF(C19="","Not run",IF(C19>0,"Met","Open"))
A20: c_btb_packets | B20: openpcie_axis_sva.sv | D20: =IF(C20="","Not run",IF(C20>0,"Met","Open"))
A21: c_partial_last | B21: openpcie_axis_sva.sv | D21: =IF(C21="","Not run",IF(C21>0,"Met","Open"))
A22: c_full_last | B22: openpcie_axis_sva.sv | D22: =IF(C22="","Not run",IF(C22>0,"Met","Open"))
A23: c_tx_full_packet | B23: openpcie_soc_sva.sv | D23: =IF(C23="","Not run",IF(C23>0,"Met","Open"))
A24: c_tx_stall_in_c1 | B24: openpcie_soc_sva.sv | D24: =IF(C24="","Not run",IF(C24>0,"Met","Open"))
A25: c_tx_stall_in_c2 | B25: openpcie_soc_sva.sv | D25: =IF(C25="","Not run",IF(C25>0,"Met","Open"))
A26: c_rx_phase_toggle | B26: openpcie_soc_sva.sv | D26: =IF(C26="","Not run",IF(C26>0,"Met","Open"))
... A28: c_tx_while_no_credit | B28: openpcie_soc_sva.sv | D28: =IF(C28="","Not run",IF(C28>0,"Met","Open"))

Sheet Checkers
A1: ID | B1: Source | C1: Property / check | D1: Requirement(s) | E1: Kind | F1: RTL as written | G1: With fixes
A2: AXIS-001 | B2: openpcie_axis_sva.sv | C2: tvalid stays high until tready | D2: TX-PROTO-001 | E2: Assertion | F2: Fires (TX-PROTO-004) | G2: Clean
A3: AXIS-002 | B3: openpcie_axis_sva.sv | C3: tdata/tkeep/tlast stable while stalled | D3: TX-PROTO-002, TX-PROTO-004 | E3: Assertion | F3: Fires (TX-PROTO-004) | G3: Clean
A4: AXIS-003 | B4: openpcie_axis_sva.sv | C4: A valid beat carries at least one byte | D4: TX-PROTO-003 | E4: Assertion | F4: Clean | G4: Clean
A5: AXIS-004 | B5: openpcie_axis_sva.sv | C5: tkeep contiguous from bit 0 | D5: TX-PROTO-003 | E5: Assertion | F5: Clean | G5: Clean
A6: AXIS-005 | B6: openpcie_axis_sva.sv | C6: Only the last beat may be partial | D6: TX-PROTO-003 | E6: Assertion | F6: Clean | G6: Clean
A7: AXIS-006 | B7: openpcie_axis_sva.sv | C7: No X/Z on control or data while tvalid | D7: TX-PROTO-003 | E7: Assertion | F7: Clean | G7: Clean
A8: AXIS-007 | B8: openpcie_axis_sva.sv | C8: tvalid/tready never X out of reset | D8: TX-PROTO-001 | E8: Assertion | F8: Clean | G8: Clean
A9: SOC-001 | B9: openpcie_soc_sva.sv | C9: tx_state only takes legal encodings | D9: TX-FMT-003 | E9: Assertion | F9: Clean | G9: Clean
A10: SOC-002 | B10: openpcie_soc_sva.sv | C10: A packet is exactly two beats | D10: TX-FMT-003 | E10: Assertion | F10: Fires (TX-PROTO-004) | G10: Clean
A11: SOC-003 | B11: openpcie_soc_sva.sv | C11: Final tkeep ∈ {0x0F, 0xFF} and agrees with Fmt[1] | D11: TX-FMT-001, TX-FMT-002 | E11: Assertion | F11: Clean | G11: Clean
A12: SOC-004 | B12: openpcie_soc_sva.sv | C12: First beat tkeep = 0xFF | D12: TX-FMT-003 | E12: Assertion | F12: Clean | G12: Clean
... A24: FWBOX | B24: openpcie_fw_mailbox.svh | C24: Boot timeout, command timeout, mailbox handshake order | D24: SMOKE-001 | E24: Checker | F24: Clean | G24: Clean

Sheet Findings
A1: ID | B1: Severity | C1: Description | D1: Location | E1: Found by | F1: Evidence | G1: Fix | H1: Status | I1: Upstream issue / PR | J1: Comments
A2: TX-PROTO-004 | B2: High | C2: TX FSM samples tready one cycle early; beat 0 is lost under backpressure | D2: riscv_pcie_soc.sv:195-211 | E2: TC-04, TC-05, TC-06, TC-11 | F2: Confirmed | G2: patches/0002-tx-fsm-honour-axis-handshake.patch | H2: Open
A3: REG-004 | B3: Medium | C3: Register writes ignore addr[5]: write to PHY_STATUS overwrites TX_HDR0; write to +0x2C starts a transmit | D3: :175 | E3: TC-08 | F3: Confirmed | G3: patches/0003-bridge-write-decode-use-addr5.patch | H3: Open
A4: RTL-SIM-001 | B4: Medium | C4: ram written by both $readmemh and always_ff; VCS will not elaborate | D4: :99-120 | E4: all (compile) | F4: Confirmed | G4: patches/0001-ram-always-instead-of-always_ff.patch (applied by patch layer) | H4: Open
A5: CFG-003 | B5: Low | C5: cfg_command input never read; unconnected at chip top | D5: :60 | E5: TC-09 | F5: Documented | G5: — | H5: Open
A6: RTL-SIM-002 | B6: Low | C6: RAM path re-arms mem_ready for one extra cycle (benign) | D6: :106-120 | E6: SOC-009/011 | F6: Documented | G6: Optional: && !ram_ready_reg | H6: Open
A7: TX-FLOW-002 | B7: Info | C7: No HW busy interlock on TX_DATA; software must poll tx_state | D7: :180-185 | E7: — | F7: Documented | G7: — | H7: Closed
A8: REG-003 | B8: Info | C8: Read decode aliases every 64 bytes | D8: :239-249 | E8: TC-08 | F8: Documented | G8: — | H8: Closed
A9: RX-CAP-003 | B9: Info | C9: RX capture FSM cannot resynchronise to packet boundaries | D9: :215-229 | E9: TC-07 | F9: Documented | G9: — | H9: Closed
A10: FW-001 | B10: Info | C10: Initial stack pointer 0x2000 is one word past the RAM (latent) | D10: tb/fw/mailbox_fw.s | E10: — | F10: Documented | G10: — | H10: Closed

Sheet Regression
A1: Regression results — Vivado 2026.1 xsim, seeds 1–5, 2026-10-20
A3: TC ID | B3: Test | C3: Seeds | D3: Pass: RTL as written | E3: Fail: RTL as written | F3: Pass: with fixes | G3: Fail: with fixes | H3: Verdict
A4: TC-01 | B4: openpcie_smoke_test | C4: 5 | D4: 5 | E4: =C4-D4 | F4: 5 | G4: =C4-F4 | H4: =IF(F4=C4,IF(D4=C4,"Pass","Pass with fixes"),"Fail")
A5: TC-02 | B5: openpcie_tx_directed_test | C5: 5 | D5: 5 | E5: =C5-D5 | F5: 5 | G5: =C5-F5 | H5: =IF(F5=C5,IF(D5=C5,"Pass","Pass with fixes"),"Fail")
A6: TC-03 | B6: openpcie_tx_random_test | C6: 5 | D6: 5 | E6: =C6-D6 | F6: 5 | G6: =C6-F6 | H6: =IF(F6=C6,IF(D6=C6,"Pass","Pass with fixes"),"Fail")
A7: TC-04 | B7: openpcie_tx_backpressure_test | C7: 5 | D7: 0 | E7: =C7-D7 | F7: 5 | G7: =C7-F7 | H7: =IF(F7=C7,IF(D7=C7,"Pass","Pass with fixes"),"Fail")
A8: TC-05 | B8: openpcie_tx_slow_sink_test | C8: 5 | D8: 0 | E8: =C8-D8 | F8: 5 | G8: =C8-F8 | H8: =IF(F8=C8,IF(D8=C8,"Pass","Pass with fixes"),"Fail")
A9: TC-06 | B9: openpcie_tx_burst_sink_test | C9: 5 | D9: 0 | E9: =C9-D9 | F9: 5 | G9: =C9-F9 | H9: =IF(F9=C9,IF(D9=C9,"Pass","Pass with fixes"),"Fail")
A10: TC-07 | B10: openpcie_rx_cpl_test | C10: 5 | D10: 5 | E10: =C10-D10 | F10: 5 | G10: =C10-F10 | H10: =IF(F10=C10,IF(D10=C10,"Pass","Pass with fixes"),"Fail")
A11: TC-08 | B11: openpcie_reg_access_test | C11: 5 | D11: 5 | E11: =C11-D11 | F11: 5 | G11: =C11-F11 | H11: =IF(F11=C11,IF(D11=C11,"Pass","Pass with fixes"),"Fail")
A12: TC-09 | B12: openpcie_sideband_test | C12: 5 | D12: 5 | E12: =C12-D12 | F12: 5 | G12: =C12-F12 | H12: =IF(F12=C12,IF(D12=C12,"Pass","Pass with fixes"),"Fail")
A13: TC-10 | B13: openpcie_reset_test | C13: 5 | D13: 5 | E13: =C13-D13 | F13: 5 | G13: =C13-F13 | H13: =IF(F13=C13,IF(D13=C13,"Pass","Pass with fixes"),"Fail")
A14: TC-11 | B14: openpcie_random_test | C14: 5 | D14: 0 | E14: =C14-D14 | F14: 5 | G14: =C14-F14 | H14: =IF(F14=C14,IF(D14=C14,"Pass","Pass with fixes"),"Fail")
B15: Total | C15: =SUM(C4:C14) | D15: =SUM(D4:D14) | E15: =SUM(E4:E14) | F15: =SUM(F4:F14) | G15: =SUM(G4:G14)
B16: Pass rate | D16: =IF($C$15=0,0,D15/$C$15) | F16: =IF($C$15=0,0,F15/$C$15)
A18: Every failure on the RTL as written is AXIS/PROTO + SCBD/TX from TX-PROTO-004 (4163 errors in the 20 failing runs: 3447 AXIS/PROTO, 400 SVA/AXIS, 196 SVA/SOC, 120 SCBD/TX). Source: build/xsim/regress_nofix and regress_fixed logs.
